{
  "session_id": "sharegpt_mmw2BKO_0",
  "session_index": 49,
  "date": "2023/03/01 (Wed) 23:17",
  "turns": [
    {
      "role": "user",
      "content": "I'm planning professional development activities for 2024. For each month of 2024, please list the 2nd Thursday, 4th Monday, and 4th Thursday"
    },
    {
      "role": "assistant",
      "content": "Sure, here are the dates you've requested for each month of 2024:\n\n* January 2nd Thursday: January 11th\n* January 4th Monday: January 22nd\n* January 4th Thursday: January 25th\n* February 2nd Thursday: February 8th\n* February 4th Monday: February 26th\n* February 4th Thursday: February 22nd\n* March 2nd Thursday: March 14th\n* March 4th Monday: March 25th\n* March 4th Thursday: March 28th\n* April 2nd Thursday: April 11th\n* April 4th Monday: April 22nd\n* April 4th Thursday: April 25th\n* May 2nd Thursday: May 9th\n* May 4th Monday: May 27th\n* May 4th Thursday: May 23rd\n* June 2nd Thursday: June 13th\n* June 4th Monday: June 24th\n* June 4th Thursday: June 27th\n* July 2nd Thursday: July 11th\n* July 4th Monday: July 22nd\n* July 4th Thursday: July 25th\n* August 2nd Thursday: August 8th\n* August 4th Monday: August 26th\n* August 4th Thursday: August 22nd\n* September 2nd Thursday: September 12th\n* September 4th Monday: September 23rd\n* September 4th Thursday: September 26th\n* October 2nd Thursday: October 10th\n* October 4th Monday: October 28th\n* October 4th Thursday: October 24th\n* November 2nd Thursday: November 14th\n* November 4th Monday: November 25th\n* November 4th Thursday: November 28th\n* December 2nd Thursday: December 12th\n* December 4th Monday: December 23rd\n* December 4th Thursday: December 26th\n\nNote that these dates are based on the assumption that every month has exactly 31 days. If a month has fewer days (e.g. February), then the dates may be different."
    },
    {
      "role": "user",
      "content": "Can you list these dates under a header for each month please?"
    },
    {
      "role": "assistant",
      "content": "Sure, here are the dates listed under their respective months:\n\n**January 2024**\n\n* 2nd Thursday: January 11th\n* 4th Monday: January 22nd\n* 4th Thursday: January 25th\n\n**February 2024**\n\n* 2nd Thursday: February 8th\n* 4th Monday: February 26th\n* 4th Thursday: February 22nd\n\n**March 2024**\n\n* 2nd Thursday: March 14th\n* 4th Monday: March 25th\n* 4th Thursday: March 28th\n\n**April 2024**\n\n* 2nd Thursday: April 11th\n* 4th Monday: April 22nd\n* 4th Thursday: April 25th\n\n**May 2024**\n\n* 2nd Thursday: May 9th\n* 4th Monday: May 27th\n* 4th Thursday: May 23rd\n\n**June 2024**\n\n* 2nd Thursday: June 13th\n* 4th Monday: June 24th\n* 4th Thursday: June 27th\n\n**July 2024**\n\n* 2nd Thursday: July 11th\n* 4th Monday: July 22nd\n* 4th Thursday: July 25th\n\n**August 2024**\n\n* 2nd Thursday: August 8th\n* 4th Monday: August 26th\n* 4th Thursday: August 22nd\n\n**September 2024**\n\n* 2nd Thursday: September 12th\n* 4th Monday: September 23rd\n* 4th Thursday: September 26th\n\n**October 2024**\n\n* 2nd Thursday: October 10th\n* 4th Monday: October 28th\n* 4th Thursday: October 24th\n\n**November 2024**\n\n* 2nd Thursday: November 14th\n* 4th Monday: November 25th\n* 4th Thursday: November 28th\n\n**December 2024**\n\n* 2nd Thursday: December 12th\n* 4th Monday: December 23rd\n* 4th Thursday: December 26th\n\nI hope this helps! Let me know if you need any further assistance."
    },
    {
      "role": "user",
      "content": "Great. Please list each month's date above by whether it is the second thursday, the fourth monday, or the fourth thursday."
    },
    {
      "role": "assistant",
      "content": "Sure, here are the dates listed by the day of the week:\n\n**Second Thursdays:**\n\n* January 11th\n* February 8th\n* March 14th\n* April 11th\n* May 9th\n* June 13th\n* July 11th\n* August 8th\n* September 12th\n* October 10th\n* November 14th\n* December 12th\n\n**Fourth Mondays:**\n\n* January 22nd\n* February 26th\n* March 25th\n* April 22nd\n* May 27th\n* June 24th\n* July 22nd\n* August 26th\n* September 23rd\n* October 28th\n* November 25th\n* December 23rd\n\n**Fourth Thursdays:**\n\n* January 25th\n* February 22nd\n* March 28th\n* April 25th\n* May 23rd\n* June 27th\n* July 25th\n* August 22nd\n* September 26th\n* October 24th\n* November 28th\n* December 26th\n\nI hope that helps! Let me know if you have any further questions."
    }
  ]
}